{"products":[{"id":"0.1619007492040767","qty":2}],"totalPrice":59.999999999999986}